lat,lon,name,id
51.5074,-0.1278,Central London,LOC_001
51.5155,-0.1426,Hyde Park,LOC_002
51.4994,-0.1244,London Bridge,LOC_003
51.5033,-0.1195,Tower Bridge,LOC_004
51.5186,-0.1270,Oxford Circus,LOC_005
51.5007,-0.1246,Borough Market,LOC_006
51.5081,-0.0759,Canary Wharf,LOC_007
51.5194,-0.1263,Regent Street,LOC_008
51.5014,-0.1419,Waterloo,LOC_009
51.4893,-0.1334,Vauxhall,LOC_010
51.5152,-0.1413,Paddington,LOC_011
51.5579,-0.1395,Camden Market,LOC_012
51.4769,-0.1532,Battersea,LOC_013
51.5355,-0.1064,King's Cross,LOC_014
51.4545,-0.1065,Brixton,LOC_015
51.5462,-0.1059,Euston,LOC_016
51.4738,-0.0703,Greenwich,LOC_017
51.5590,-0.0741,Hackney,LOC_018
51.5063,-0.2217,Hammersmith,LOC_019
51.4879,-0.2233,Richmond,LOC_020
51.6077,-0.1248,Highgate,LOC_021
51.4200,-0.2063,Wimbledon,LOC_022
51.5923,-0.2716,Wembley,LOC_023
51.4039,-0.0144,Croydon,LOC_024
51.3902,-0.3072,Kingston,LOC_025
51.6252,-0.0810,Wood Green,LOC_026
51.4107,-0.3018,Surbiton,LOC_027
51.5773,-0.3968,Ealing,LOC_028
51.4240,-0.2139,Raynes Park,LOC_029
51.5907,-0.5406,Windsor,LOC_030
51.4816,-0.1991,Fulham,LOC_031
51.5218,-0.2090,Notting Hill,LOC_032
51.4951,-0.1614,Chelsea,LOC_033
51.4886,-0.1817,South Kensington,LOC_034
51.5175,-0.1710,Knightsbridge,LOC_035
51.5251,-0.0878,Shoreditch,LOC_036
51.5007,-0.0844,Bermondsey,LOC_037
51.4782,-0.1043,Peckham,LOC_038
51.4543,-0.0762,New Cross,LOC_039
51.4358,-0.0123,Lewisham,LOC_040
51.4664,0.0114,Blackheath,LOC_041
51.4893,0.0628,Woolwich,LOC_042
51.4969,0.1426,Dartford,LOC_043
51.5462,-0.2284,Acton,LOC_044
51.5205,-0.2613,Chiswick,LOC_045
51.4945,-0.2406,Barnes,LOC_046
51.4644,-0.2406,Putney,LOC_047
51.4389,-0.2056,Roehampton,LOC_048
51.4167,-0.1833,New Malden,LOC_049
51.3667,-0.1667,Sutton,LOC_050
